timestamp,temperature_2m,relative_humidity_2m,pressure_msl,precipitation,wind_speed_10m,wind_direction_10m,pm2_5,pm10,carbon_monoxide,nitrogen_dioxide,sulphur_dioxide,ozone,hour,day_of_week,day_of_month,month,is_weekend,aqi_lag_1,aqi_lag_3,aqi_lag_6,aqi_lag_12,aqi_lag_24,aqi_lag_48,aqi_lag_72,pm2_5_lag_1,pm2_5_lag_3,pm2_5_lag_6,pm2_5_lag_24,pm10_lag_1,pm10_lag_3,pm10_lag_6,pm10_lag_24,carbon_monoxide_lag_1,carbon_monoxide_lag_3,carbon_monoxide_lag_6,carbon_monoxide_lag_24,nitrogen_dioxide_lag_1,nitrogen_dioxide_lag_3,nitrogen_dioxide_lag_6,nitrogen_dioxide_lag_24,sulphur_dioxide_lag_1,sulphur_dioxide_lag_3,sulphur_dioxide_lag_6,sulphur_dioxide_lag_24,ozone_lag_1,ozone_lag_3,ozone_lag_6,ozone_lag_24,aqi_3h_mean,aqi_6h_mean,aqi_12h_mean,aqi_24h_mean,pm2_5_3h_mean,pm2_5_6h_mean,pm2_5_24h_mean,pm10_3h_mean,pm10_6h_mean,pm10_24h_mean,carbon_monoxide_24h_mean,nitrogen_dioxide_24h_mean,sulphur_dioxide_24h_mean,ozone_24h_mean,aqi_change_1h,aqi_change_3h,aqi_change_6h,aqi_change_24h,pm2_5_change_1h,pm2_5_change_24h,pm10_change_1h,pm10_change_24h
2026-08-26 00:00:00+00:00,26.6,91.0,1002.1,0.0,1.7,328.0,57.2,60.5,1783.0,49.8,4.7,1.0,23.0,1.0,25.0,8.0,0.0,113.0,110.0,108.0,165.0,114.0,99.0,132.0,58.4,63.8,55.5,46.4,61.7,67.8,64.7,49.0,1722.0,1653.0,1536.0,1717.0,54.2,63.9,70.9,44.2,5.4,8.3,11.4,4.3,4.0,14.0,35.0,5.0,111.66666666666667,110.16666666666667,137.41666666666666,125.91666666666667,61.0,60.96666666666667,41.041666666666664,64.5,66.98333333333333,48.349999999999994,1222.0,34.7875,7.625,96.79166666666667,1.0,4.0,6.0,0.0,-1.1999999999999957,10.800000000000004,-1.2000000000000028,11.5
2026-08-26 01:00:00+00:00,26.0,95.0,1002.5,0.0,2.7,337.0,55.9,59.1,1784.0,45.4,4.8,7.0,0.0,2.0,26.0,8.0,0.0,114.0,112.0,109.0,178.0,113.0,103.0,130.0,57.2,60.8,61.9,51.5,60.5,64.0,71.5,55.3,1783.0,1667.0,1610.0,1756.0,49.8,58.5,71.9,43.3,4.7,6.5,11.8,5.5,1.0,9.0,29.0,14.0,113.0,111.16666666666667,133.16666666666666,125.91666666666667,58.800000000000004,61.25,41.49166666666667,62.06666666666667,66.28333333333335,48.82916666666666,1224.75,35.020833333333336,7.641666666666666,96.625,0.7066574096679688,2.7066574096679688,5.706657409667969,1.7066574096679688,-1.3000000000000043,4.399999999999999,-1.3999999999999986,3.8000000000000043
2026-08-26 02:00:00+00:00,25.7,98.0,1003.1,0.0,3.4,6.0,55.8,58.9,1686.0,41.2,6.3,27.0,1.0,2.0,26.0,8.0,0.0,114.70665740966797,113.0,109.0,183.0,113.0,106.0,124.0,55.9,58.4,65.4,50.6,59.1,61.7,72.2,54.6,1784.0,1722.0,1645.0,1669.0,45.4,54.2,69.4,40.1,4.8,5.4,10.5,6.8,7.0,4.0,21.0,35.0,113.90221913655598,112.11777623494466,127.89222145080566,125.9877773920695,57.166666666666664,60.25,41.675,60.43333333333334,64.21666666666667,48.987500000000004,1225.9166666666667,35.108333333333334,7.612500000000001,96.33333333333333,0.7446212768554688,2.4512786865234375,6.4512786865234375,2.4512786865234375,-0.10000000000000142,5.199999999999996,-0.20000000000000284,4.299999999999997
2026-08-26 03:00:00+00:00,26.7,92.0,1003.6,0.0,2.3,29.0,54.6,58.3,1528.0,36.9,8.6,57.0,2.0,2.0,26.0,8.0,0.0,115.45127868652344,114.0,110.0,176.0,113.0,109.0,119.0,55.8,57.2,63.8,52.9,58.9,60.5,67.8,56.5,1686.0,1783.0,1653.0,1512.0,41.2,49.8,63.9,35.3,6.3,4.7,8.3,8.5,27.0,1.0,14.0,65.0,114.7193120320638,113.19298934936523,122.26316134134929,126.08991400400798,56.29999999999999,58.65,41.891666666666666,59.5,62.0,49.166666666666664,1226.625,35.15416666666667,7.591666666666666,96.0,-0.0202484130859375,1.4310302734375,5.4310302734375,2.4310302734375,-1.1999999999999957,1.7000000000000028,-0.6000000000000014,1.7999999999999972
2026-08-26 04:00:00+00:00,28.6,79.0,1003.8,0.0,1.1,198.0,46.8,53.6,1356.0,31.2,10.3,91.0,3.0,2.0,26.0,8.0,0.0,115.4310302734375,114.70665740966797,112.0,158.0,113.0,112.0,115.0,54.6,55.9,60.8,41.3,58.3,59.1,64.0,47.0,1528.0,1784.0,1667.0,1343.0,36.9,45.4,58.5,29.3,8.6,4.8,6.5,9.7,57.0,7.0,9.0,98.0,115.19632212320964,114.09816106160481,117.21574719746907,126.19120693206787,55.43333333333334,57.116666666666674,41.9625,58.76666666666667,60.416666666666664,49.24166666666667,1227.2916666666667,35.22083333333334,7.595833333333334,95.66666666666667,0.2300567626953125,0.9544296264648438,3.6610870361328125,2.6610870361328125,-7.800000000000004,5.5,-4.699999999999996,6.600000000000001
2026-08-26 05:00:00+00:00,30.4,70.0,1004.0,0.0,1.6,243.0,37.3,46.9,1167.0,22.5,10.7,133.0,4.0,2.0,26.0,8.0,0.0,115.66108703613281,115.45127868652344,113.0,128.0,112.0,114.0,112.0,46.8,55.8,58.4,33.4,53.6,58.9,61.7,41.7,1356.0,1686.0,1722.0,1170.0,31.2,41.2,54.2,21.1,10.3,6.3,5.4,9.8,91.0,27.0,4.0,135.0,115.51446533203125,114.70834223429362,113.68750445048015,126.30208555857341,52.4,54.78333333333333,42.19166666666667,56.93333333333334,58.68333333333334,49.51666666666667,1227.8333333333333,35.300000000000004,7.620833333333334,95.375,0.7380905151367188,0.9478988647460938,3.3991775512695312,4.399177551269531,-9.5,3.8999999999999986,-6.700000000000003,5.199999999999996
2026-08-26 06:00:00+00:00,32.1,60.0,1003.7,0.0,1.8,307.0,35.0,48.1,965.0,12.4,10.5,179.0,5.0,2.0,26.0,8.0,0.0,116.39917755126953,115.4310302734375,114.0,108.0,112.0,116.0,110.0,37.3,54.6,57.2,29.6,46.9,58.3,60.5,39.6,1167.0,1528.0,1783.0,986.0,22.5,36.9,49.8,11.7,10.7,8.6,4.7,9.4,133.0,57.0,1.0,175.0,115.83043162027995,115.27487182617188,112.72076924641927,126.48538462320964,46.23333333333333,51.26666666666666,42.354166666666664,52.93333333333333,56.21666666666666,49.73333333333334,1227.7083333333333,35.358333333333334,7.658333333333332,95.29166666666667,0.4332122802734375,1.4013595581054688,2.8323898315429688,4.832389831542969,-2.299999999999997,5.399999999999999,1.2000000000000028,8.5
2026-08-26 07:00:00+00:00,33.6,55.0,1002.9,0.0,1.9,326.0,34.3,50.8,809.0,5.1,10.0,212.0,6.0,2.0,26.0,8.0,0.0,116.83238983154297,115.66108703613281,114.70665740966797,109.0,111.0,118.0,109.0,35.0,46.8,55.9,25.4,48.1,53.6,59.1,35.7,965.0,1356.0,1784.0,825.0,12.4,31.2,45.4,4.9,10.5,10.3,4.8,8.7,179.0,91.0,7.0,203.0,116.29755147298177,115.7469367980957,113.45680173238118,126.68673419952393,39.699999999999996,47.56666666666666,42.579166666666666,49.53333333333333,54.15,50.0875,1226.8333333333333,35.3875,7.704166666666667,95.45833333333333,0.7735977172851562,1.9449005126953125,2.8993301391601562,6.605987548828125,-0.7000000000000028,8.899999999999999,2.6999999999999957,15.099999999999994
2026-08-26 08:00:00+00:00,34.8,52.0,1001.9,0.0,1.6,6.0,33.3,50.1,733.0,2.6,9.1,224.0,7.0,2.0,26.0,8.0,0.0,117.60598754882812,116.39917755126953,115.45127868652344,109.0,111.0,119.0,107.0,34.3,37.3,55.8,24.7,50.8,46.9,58.9,35.9,809.0,1167.0,1686.0,688.0,5.1,22.5,41.2,2.5,10.0,10.7,6.3,7.8,212.0,133.0,27.0,212.0,116.9458516438802,116.23015848795573,114.1739673614502,126.9619836807251,35.53333333333333,43.96666666666667,42.949999999999996,48.599999999999994,52.76666666666667,50.71666666666667,1226.1666666666667,35.395833333333336,7.758333333333333,95.83333333333333,0.8808364868164062,2.087646484375,3.0355453491210938,7.486824035644531,-1.0,8.599999999999998,-0.6999999999999957,14.200000000000003
2026-08-26 09:00:00+00:00,35.6,51.0,1000.7,0.0,1.2,63.0,31.9,47.5,703.0,2.9,8.0,224.0,8.0,2.0,26.0,8.0,0.0,118.48682403564453,116.83238983154297,115.4310302734375,110.0,110.0,119.0,106.0,33.3,35.0,54.6,23.0,50.1,48.1,58.3,32.9,733.0,965.0,1528.0,574.0,2.6,12.4,36.9,2.6,9.1,10.5,8.6,6.7,224.0,179.0,57.0,208.0,117.64173380533855,116.73608271280925,114.96453603108723,127.27393468221028,34.199999999999996,40.21666666666666,43.30833333333334,49.666666666666664,51.29999999999999,51.30833333333333,1228.0416666666667,35.4,7.8125,96.33333333333333,0.5816574096679688,2.2360916137695312,3.637451171875,9.0684814453125,-1.3999999999999986,8.899999999999999,-2.6000000000000014,14.600000000000001
2026-08-26 10:00:00+00:00,36.1,49.0,999.8,0.0,1.5,104.0,31.0,45.9,680.0,3.8,7.1,220.0,9.0,2.0,26.0,8.0,0.0,119.0684814453125,117.60598754882812,115.66108703613281,112.0,109.0,120.0,105.0,31.9,34.3,46.8,22.2,47.5,50.8,53.6,31.8,703.0,809.0,1356.0,520.0,2.9,5.1,31.2,3.4,8.0,10.0,10.3,5.8,224.0,212.0,91.0,201.0,118.38709767659505,117.3423245747884,115.72024281819661,127.65178807576497,33.166666666666664,36.43333333333333,43.67916666666667,49.46666666666666,49.5,51.916666666666664,1233.4166666666667,35.4125,7.866666666666667,97.0,3.6684036254882812,5.130897521972656,7.075798034667969,13.736885070800781,-0.8999999999999986,8.8,-1.6000000000000014,14.099999999999998
2026-08-26 11:00:00+00:00,36.2,48.0,998.7,0.0,2.8,108.0,31.2,46.3,612.0,3.0,6.7,218.0,10.0,2.0,26.0,8.0,0.0,122.73688507080078,118.48682403564453,116.39917755126953,113.0,142.0,129.0,104.0,31.0,33.3,37.3,21.3,45.9,50.1,46.9,30.9,680.0,733.0,1167.0,547.0,3.8,2.6,22.5,3.0,7.1,9.1,10.7,5.1,220.0,224.0,133.0,194.0,120.09739685058594,118.52162424723308,116.61498324076335,128.22415828704834,32.06666666666666,33.8,44.04583333333333,47.833333333333336,48.21666666666667,52.50416666666666,1240.0833333333333,35.42916666666667,7.920833333333333,97.79166666666667,16.60741424560547,20.85747528076172,22.94512176513672,-2.65570068359375,0.1999999999999993,9.899999999999999,0.3999999999999986,15.399999999999999
2026-08-26 12:00:00+00:00,36.2,46.0,998.0,0.0,2.5,30.0,31.9,47.7,552.0,2.8,6.6,212.0,11.0,2.0,26.0,8.0,0.0,139.34429931640625,119.0684814453125,116.83238983154297,114.0,165.0,160.0,120.0,31.2,31.9,35.0,20.8,46.3,47.5,48.1,30.5,612.0,703.0,965.0,634.0,3.0,2.9,12.4,3.3,6.7,8.0,10.5,4.7,218.0,224.0,179.0,183.0,127.04988861083984,122.34581120808919,118.81034151713054,128.1135040918986,31.366666666666664,32.78333333333333,44.458333333333336,46.56666666666667,48.11666666666667,53.145833333333336,1242.7916666666667,35.42916666666667,7.987500000000001,98.79166666666667,34.6866455078125,54.96246337890625,57.19855499267578,9.03094482421875,0.6999999999999993,11.099999999999998,1.4000000000000057,17.200000000000003
2026-08-26 13:00:00+00:00,35.1,50.0,997.6,0.0,6.7,52.0,33.4,50.1,615.0,7.5,6.8,195.0,12.0,2.0,26.0,8.0,0.0,174.03094482421875,122.73688507080078,117.60598754882812,114.70665740966797,178.0,180.0,132.0,31.9,31.0,34.3,21.4,47.7,45.9,50.8,31.2,552.0,680.0,809.0,756.0,2.8,3.8,5.1,8.6,6.6,7.1,10.0,4.8,212.0,220.0,212.0,164.0,145.37070973714194,131.8789037068685,123.8129202524821,128.48979345957437,31.366666666666664,32.266666666666666,44.92083333333334,46.63333333333333,48.050000000000004,53.862500000000004,1239.375,35.40833333333333,8.066666666666666,100.0,12.63006591796875,63.92412567138672,69.05502319335938,8.6610107421875,1.5,12.0,2.3999999999999986,18.900000000000002
2026-08-26 14:00:00+00:00,33.6,57.0,997.4,0.0,6.9,31.0,40.3,51.6,916.0,21.3,7.5,157.0,13.0,2.0,26.0,8.0,0.0,186.6610107421875,139.34429931640625,118.48682403564453,115.45127868652344,183.0,188.0,138.0,33.4,31.2,33.3,25.7,50.1,46.3,50.1,33.6,615.0,612.0,733.0,926.0,7.5,3.0,2.6,23.4,6.8,6.7,9.1,5.7,195.0,218.0,224.0,131.0,166.67875162760416,143.38807423909506,129.8091163635254,128.85066890716553,32.166666666666664,32.11666666666667,45.42083333333333,48.03333333333334,47.93333333333334,54.65,1233.5,35.3625,8.15,101.29166666666667,14.763519287109375,62.080230712890625,82.93770599365234,18.424530029296875,6.899999999999999,14.599999999999998,1.5,18.0
2026-08-26 15:00:00+00:00,32.1,67.0,997.8,0.0,5.9,12.0,47.7,58.4,1340.0,39.9,8.5,108.0,14.0,2.0,26.0,8.0,0.0,201.42453002929688,174.03094482421875,119.0684814453125,115.4310302734375,176.0,184.0,134.0,40.3,31.9,31.9,35.6,51.6,47.7,47.5,43.3,916.0,552.0,703.0,1130.0,21.3,2.8,2.9,43.3,7.5,6.6,8.0,7.2,157.0,212.0,224.0,89.0,187.37216186523438,157.2110252380371,136.9735539754232,129.61835765838623,35.199999999999996,33.28333333333333,46.02916666666666,49.800000000000004,48.18333333333334,55.4,1233.0833333333333,35.275,8.225,102.375,-1.416900634765625,25.9766845703125,80.93914794921875,24.00762939453125,7.400000000000006,12.100000000000001,6.799999999999997,15.100000000000001
2026-08-26 16:00:00+00:00,31.4,73.0,998.6,0.0,4.7,344.0,54.2,65.0,1666.0,55.1,9.5,69.0,15.0,2.0,26.0,8.0,0.0,200.00762939453125,186.6610107421875,122.73688507080078,115.66108703613281,158.0,166.0,120.0,47.7,33.4,31.0,44.4,58.4,50.1,45.9,52.0,1340.0,615.0,680.0,1307.0,39.9,7.5,3.8,59.0,8.5,6.8,7.1,8.6,108.0,195.0,220.0,57.0,196.03105672200522,170.70088322957358,144.021603902181,130.61867554982504,40.46666666666667,35.916666666666664,46.53333333333333,53.36666666666665,50.0,56.02916666666666,1241.8333333333333,35.13333333333333,8.279166666666667,103.16666666666667,-16.933609008789062,-3.5869903564453125,60.337135314941406,25.074020385742188,6.5,9.800000000000004,6.600000000000001,13.0
2026-08-26 17:00:00+00:00,30.9,76.0,999.3,0.0,5.6,333.0,60.8,72.2,1797.0,63.9,10.8,49.0,16.0,2.0,26.0,8.0,0.0,183.0740203857422,201.42453002929688,139.34429931640625,116.39917755126953,128.0,138.0,98.0,54.2,40.3,31.2,49.0,65.0,51.6,46.3,57.0,1666.0,916.0,612.0,1435.0,55.1,21.3,3.0,67.1,9.5,7.5,6.7,10.0,69.0,157.0,218.0,42.0,194.83539326985678,180.75707244873047,149.63934834798178,131.66342639923096,47.4,39.78333333333333,46.94166666666666,58.333333333333336,53.18333333333334,56.570833333333326,1256.7916666666667,34.97083333333334,8.316666666666666,103.66666666666667,-22.3145751953125,-40.66508483886719,21.415145874023438,32.75944519042969,6.599999999999994,11.799999999999997,7.200000000000003,15.200000000000003
2026-08-26 18:00:00+00:00,30.3,79.0,999.5,0.0,5.1,342.0,66.8,79.2,1828.0,69.1,12.0,38.0,17.0,2.0,26.0,8.0,0.0,160.7594451904297,200.00762939453125,174.03094482421875,116.83238983154297,108.0,121.0,97.0,60.8,47.7,31.9,55.5,72.2,58.4,47.7,64.7,1797.0,1340.0,552.0,1536.0,63.9,39.9,2.8,70.9,10.8,8.5,6.6,11.4,49.0,108.0,212.0,35.0,181.28036499023438,184.32626342773438,153.33603731791177,133.02840328216553,54.23333333333333,44.71666666666667,47.43333333333333,65.2,57.5,57.20416666666666,1271.875,34.8375,8.35,103.95833333333333,-25.424209594726562,-64.67239379882812,-38.695709228515625,27.335235595703125,6.0,11.299999999999997,7.0,14.5
2026-08-26 19:00:00+00:00,29.8,82.0,999.6,0.0,1.9,326.0,73.8,85.9,1826.0,71.1,12.4,30.0,18.0,2.0,26.0,8.0,0.0,135.33523559570312,183.0740203857422,186.6610107421875,117.60598754882812,109.0,120.0,97.0,66.8,54.2,33.4,61.9,79.2,65.0,50.1,71.5,1828.0,1666.0,615.0,1610.0,69.1,55.1,7.5,71.9,12.0,9.5,6.8,11.8,38.0,69.0,195.0,29.0,159.722900390625,177.8769785563151,154.8779411315918,134.16737143198648,60.6,50.53333333333333,47.90416666666666,72.13333333333333,62.75,57.80833333333333,1284.0416666666667,34.762499999999996,8.375,104.08333333333333,-8.8277587890625,-56.56654357910156,-60.153533935546875,17.507476806640625,7.0,11.899999999999999,6.700000000000003,14.400000000000006
2026-08-26 20:00:00+00:00,29.7,84.0,999.5,0.0,1.0,248.0,76.1,84.8,1788.0,68.6,11.0,22.0,19.0,2.0,26.0,8.0,0.0,126.50747680664062,160.7594451904297,201.42453002929688,118.48682403564453,109.0,119.0,96.0,73.8,60.8,40.3,65.4,85.9,72.2,51.6,72.2,1826.0,1797.0,916.0,1645.0,71.1,63.9,21.3,69.4,12.4,10.8,7.5,10.5,30.0,49.0,157.0,21.0,140.8673858642578,167.85138956705728,155.61973190307617,134.89684963226318,67.13333333333333,57.26666666666666,48.400000000000006,79.10000000000001,68.71666666666665,58.40833333333333,1293.0416666666667,34.729166666666664,8.4,104.125,5.0729522705078125,-29.17901611328125,-69.84410095214844,22.580429077148438,2.299999999999997,10.699999999999989,-1.1000000000000085,12.599999999999994
2026-08-26 21:00:00+00:00,29.3,84.0,999.4,0.0,2.4,207.0,74.7,80.3,1715.0,62.7,8.7,17.0,20.0,2.0,26.0,8.0,0.0,131.58042907714844,135.33523559570312,200.00762939453125,119.0684814453125,110.0,118.0,96.0,76.1,66.8,47.7,63.8,84.8,79.2,58.4,67.8,1788.0,1828.0,1340.0,1653.0,68.6,69.1,39.9,63.9,11.0,12.0,8.5,8.3,22.0,38.0,108.0,14.0,131.14104715983072,156.21070607503256,156.71086565653482,135.83770084381104,72.23333333333333,63.23333333333333,48.84583333333333,83.3,74.25,58.93333333333334,1299.0,34.69583333333333,8.420833333333333,104.16666666666667,2.5721588134765625,-1.182647705078125,-65.85504150390625,24.152587890625,-1.3999999999999915,10.900000000000006,-4.5,12.5
2026-08-26 22:00:00+00:00,28.7,86.0,999.2,0.0,1.6,153.0,72.4,77.3,1678.0,57.3,6.9,13.0,21.0,2.0,26.0,8.0,0.0,134.152587890625,126.50747680664062,183.0740203857422,122.73688507080078,112.0,116.0,96.0,74.7,73.8,54.2,60.8,80.3,85.9,65.0,64.0,1715.0,1826.0,1666.0,1667.0,62.7,71.1,55.1,58.5,8.7,12.4,9.5,6.5,17.0,30.0,69.0,9.0,130.74683125813803,145.2348658243815,157.96787452697754,136.84405867258707,74.86666666666666,67.73333333333333,49.300000000000004,83.66666666666667,77.9,59.45416666666666,1301.5833333333333,34.645833333333336,8.4375,104.29166666666667,1.06451416015625,8.709625244140625,-47.85691833496094,23.21710205078125,-2.299999999999997,11.600000000000009,-3.0,13.299999999999997
2026-08-26 23:00:00+00:00,27.8,89.0,999.3,0.0,0.5,45.0,69.6,74.3,1725.0,54.0,6.0,7.0,22.0,2.0,26.0,8.0,0.0,135.21710205078125,131.58042907714844,160.7594451904297,139.34429931640625,113.0,115.0,97.0,72.4,76.1,60.8,58.4,77.3,84.8,72.2,61.7,1678.0,1788.0,1797.0,1722.0,57.3,68.6,63.9,54.2,6.9,11.0,10.8,5.4,13.0,22.0,49.0,4.0,133.65003967285156,137.2587127685547,159.00789260864258,137.81143792470297,74.4,70.76666666666667,49.78333333333333,80.8,79.95,60.00833333333333,1302.0416666666667,34.59583333333334,8.454166666666667,104.45833333333333,0.1796112060546875,3.8162841796875,-25.36273193359375,22.396713256835938,-2.8000000000000114,11.199999999999996,-3.0,12.599999999999994
2026-08-27 00:00:00+00:00,27.1,94.0,999.7,0.0,2.2,346.0,66.6,71.5,1808.0,51.2,5.6,3.0,23.0,2.0,26.0,8.0,0.0,135.39671325683594,134.152587890625,135.33523559570312,174.03094482421875,114.0,114.0,99.0,69.6,74.7,66.8,57.2,74.3,80.3,79.2,60.5,1725.0,1715.0,1828.0,1783.0,54.0,62.7,69.1,49.8,6.0,8.7,12.0,4.7,7.0,17.0,38.0,1.0,134.92213439941406,133.0315907796224,158.67892710367838,138.74463431040445,72.23333333333333,72.23333333333333,50.25,77.3,80.3,60.53333333333334,1302.1666666666667,34.5875,8.479166666666666,104.58333333333333,1.1658172607421875,2.409942626953125,1.227294921875,22.562530517578125,-3.0,9.399999999999991,-2.799999999999997,11.0
2026-08-27 01:00:00+00:00,26.6,97.0,1000.1,0.0,1.9,338.0,64.5,69.8,1853.0,47.3,5.9,10.0,0.0,3.0,27.0,8.0,0.0,136.56253051757812,135.21710205078125,126.50747680664062,186.6610107421875,114.70665740966797,113.0,103.0,66.6,72.4,73.8,55.9,71.5,77.3,85.9,59.1,1808.0,1678.0,1826.0,1784.0,51.2,57.3,71.1,45.4,5.6,6.9,12.4,4.8,3.0,13.0,30.0,7.0,135.72544860839844,133.23613993326822,155.55655924479166,139.68473974863687,69.53333333333333,72.2,50.64166666666667,74.36666666666666,79.01666666666667,60.991666666666674,1303.2083333333333,34.645833333333336,8.516666666666667,104.66666666666667,0.4280853271484375,1.7735137939453125,10.483139038085938,22.283958435058594,-2.0999999999999943,8.600000000000001,-1.7000000000000028,10.699999999999996
2026-08-27 02:00:00+00:00,26.5,98.0,1000.6,0.0,0.9,323.0,64.3,69.4,1849.0,41.5,7.4,34.0,1.0,3.0,27.0,8.0,0.0,136.99061584472656,135.39671325683594,131.58042907714844,201.42453002929688,115.45127868652344,113.0,106.0,64.5,69.6,76.1,55.8,69.8,74.3,84.8,58.9,1853.0,1725.0,1788.0,1686.0,47.3,54.0,68.6,41.2,5.9,6.0,11.0,6.3,10.0,7.0,22.0,27.0,136.31661987304688,134.98332977294922,151.41735967000326,140.6132380167643,66.89999999999999,70.64999999999999,51.0,71.86666666666666,76.33333333333333,61.4375,1306.0833333333333,34.725,8.5625,104.79166666666667,1.5933380126953125,3.1872406005859375,7.0035247802734375,23.132675170898438,-0.20000000000000284,8.5,-0.3999999999999915,10.500000000000007
2026-08-27 03:00:00+00:00,27.7,93.0,1001.2,0.0,0.3,45.0,64.3,69.2,1807.0,34.7,9.6,69.0,2.0,3.0,27.0,8.0,0.0,138.58395385742188,136.56253051757812,134.152587890625,200.00762939453125,115.4310302734375,113.0,109.0,64.3,66.6,74.7,54.6,69.4,71.5,80.3,58.3,1849.0,1808.0,1715.0,1528.0,41.5,51.2,62.7,36.9,7.4,5.6,8.7,8.6,34.0,3.0,17.0,57.0,137.37903340657553,136.15058390299478,146.18064498901367,141.57709948221842,65.13333333333333,68.68333333333332,51.354166666666664,70.23333333333333,73.76666666666667,61.875,1312.875,34.7375,8.608333333333333,105.08333333333333,0.60955810546875,2.6309814453125,5.040924072265625,23.762481689453125,0.0,9.699999999999996,-0.20000000000000284,10.900000000000006
2026-08-27 04:00:00+00:00,29.7,79.0,1001.5,0.0,0.5,225.0,51.2,61.2,1692.0,27.5,11.1,105.0,3.0,3.0,27.0,8.0,0.0,139.19351196289062,136.99061584472656,135.21710205078125,183.0740203857422,115.66108703613281,113.0,112.0,64.3,64.5,72.4,46.8,69.2,69.8,77.3,53.6,1807.0,1853.0,1678.0,1356.0,34.7,47.3,57.3,31.2,9.6,5.9,6.9,10.3,69.0,10.0,13.0,91.0,138.2560272216797,136.99073791503906,141.1128018697103,142.56720288594565,64.36666666666666,66.95,51.75833333333333,69.46666666666665,71.91666666666667,62.32916666666667,1324.5,34.645833333333336,8.65,105.58333333333333,2.0087890625,4.2116851806640625,5.985198974609375,25.541213989257812,-13.099999999999994,4.400000000000006,-8.0,7.600000000000001
2026-08-27 05:00:00+00:00,31.7,65.0,1001.6,0.0,1.4,360.0,43.5,57.7,1446.0,19.4,11.3,143.0,4.0,3.0,27.0,8.0,0.0,141.20230102539062,138.58395385742188,135.39671325683594,160.7594451904297,116.39917755126953,112.0,114.0,51.2,64.3,69.6,37.3,61.2,69.4,74.3,46.9,1692.0,1849.0,1725.0,1167.0,27.5,41.5,54.0,22.5,11.1,7.4,6.0,10.7,105.0,34.0,7.0,133.0,139.65992228190103,137.98827107747397,137.6234919230143,143.63142013549805,59.93333333333334,63.416666666666664,51.94166666666666,66.6,69.23333333333333,62.645833333333336,1338.5,34.49166666666667,8.683333333333334,106.16666666666667,0.590789794921875,3.209136962890625,6.3963775634765625,25.39391326904297,-7.700000000000003,6.200000000000003,-3.5,10.800000000000004
2026-08-27 06:00:00+00:00,33.2,59.0,1001.6,0.0,2.3,23.0,42.4,61.7,1126.0,10.9,10.9,183.0,5.0,3.0,27.0,8.0,0.0,141.7930908203125,139.19351196289062,136.56253051757812,135.33523559570312,116.83238983154297,112.0,116.0,43.5,64.3,66.6,35.0,57.7,69.2,71.5,48.1,1446.0,1807.0,1808.0,965.0,19.4,34.7,51.2,12.4,11.3,9.6,5.6,10.5,143.0,69.0,3.0,179.0,140.7296346028646,139.05433400472006,136.04296239217123,144.6894998550415,53.0,59.06666666666666,52.199999999999996,62.69999999999999,66.46666666666668,63.09583333333333,1350.125,34.3625,8.708333333333334,106.58333333333333,0.2775726318359375,2.8771514892578125,5.5081329345703125,25.23827362060547,-1.1000000000000014,7.399999999999999,4.0,13.600000000000001
2026-08-27 07:00:00+00:00,34.6,55.0,1000.9,0.0,2.6,16.0,42.8,65.7,874.0,4.8,10.3,211.0,6.0,3.0,27.0,8.0,0.0,142.07066345214844,141.20230102539062,136.99061584472656,126.50747680664062,117.60598754882812,111.0,118.0,42.4,51.2,64.5,34.3,61.7,61.2,69.8,50.8,1126.0,1692.0,1853.0,809.0,10.9,27.5,47.3,5.1,10.9,11.1,5.9,10.0,183.0,105.0,10.0,212.0,141.68868509928384,139.97235616048178,136.604248046875,145.7410945892334,45.699999999999996,55.03333333333333,52.50833333333333,60.199999999999996,64.83333333333334,63.6625,1356.8333333333333,34.300000000000004,8.725,106.75,0.2538909912109375,1.12225341796875,5.3339385986328125,24.71856689453125,0.3999999999999986,8.5,4.0,14.900000000000006
2026-08-27 08:00:00+00:00,35.7,52.0,999.9,0.0,2.7,37.0,41.8,63.8,751.0,2.6,9.5,221.0,7.0,3.0,27.0,8.0,0.0,142.32455444335938,141.7930908203125,138.58395385742188,131.58042907714844,118.48682403564453,111.0,119.0,42.8,43.5,64.3,33.3,65.7,57.7,69.4,50.1,874.0,1446.0,1849.0,733.0,4.8,19.4,41.5,2.6,10.3,11.3,7.4,9.1,211.0,143.0,34.0,224.0,142.0627695719401,140.86134592692056,137.9223378499349,146.77103487650552,42.9,51.416666666666664,52.862500000000004,61.699999999999996,64.15,64.28333333333333,1359.5416666666667,34.2875,8.737499999999999,106.70833333333333,0.9329071044921875,1.4643707275390625,4.6735076904296875,24.77063751220703,-1.0,8.5,-1.9000000000000057,13.699999999999996
2026-08-27 09:00:00+00:00,36.6,48.0,999.1,0.0,2.1,38.0,40.4,61.0,695.0,2.8,8.4,220.0,8.0,3.0,27.0,8.0,0.0,143.25746154785156,142.07066345214844,139.19351196289062,134.152587890625,119.0684814453125,110.0,119.0,41.8,42.4,64.3,31.9,63.8,61.7,69.2,47.5,751.0,1126.0,1807.0,703.0,2.6,10.9,34.7,2.9,9.5,10.9,9.6,8.0,221.0,183.0,69.0,224.0,142.55089314778647,141.64026387532553,138.89542388916016,147.8031447728475,42.333333333333336,47.666666666666664,53.21666666666666,63.73333333333333,63.21666666666667,64.85416666666667,1360.2916666666667,34.2875,8.754166666666668,106.58333333333333,0.093109130859375,1.2799072265625,4.1570587158203125,24.282089233398438,-1.3999999999999986,8.5,-2.799999999999997,13.5
2026-08-27 10:00:00+00:00,37.3,46.0,998.1,0.0,2.0,63.0,39.5,59.4,659.0,3.6,7.6,215.0,9.0,3.0,27.0,8.0,0.0,143.35057067871094,142.32455444335938,141.20230102539062,135.21710205078125,122.73688507080078,109.0,120.0,40.4,42.8,51.2,31.0,61.0,65.7,61.2,45.9,695.0,874.0,1692.0,680.0,2.8,4.8,27.5,3.8,8.4,10.3,11.1,7.1,220.0,211.0,105.0,220.0,142.97752888997397,142.3331069946289,139.66192245483398,148.81489849090576,41.666666666666664,43.68333333333333,53.57083333333333,63.5,61.85,65.41666666666667,1359.9583333333333,34.28333333333334,8.770833333333334,106.41666666666667,0.70068359375,1.7266998291015625,2.8489532470703125,21.314369201660156,-0.8999999999999986,8.5,-1.6000000000000014,13.5
2026-08-27 11:00:00+00:00,37.4,45.0,997.2,0.0,1.7,108.0,39.5,59.8,606.0,2.8,7.2,212.0,10.0,3.0,27.0,8.0,0.0,144.05125427246094,143.25746154785156,141.7930908203125,135.39671325683594,139.34429931640625,142.0,129.0,39.5,41.8,43.5,31.2,59.4,63.8,57.7,46.3,659.0,751.0,1446.0,612.0,3.6,2.6,19.4,3.0,7.6,9.5,11.3,6.7,215.0,221.0,143.0,218.0,143.55309549967447,142.80793253580728,140.39810180664062,149.7029972076416,40.56666666666666,41.73333333333333,53.925000000000004,61.4,61.550000000000004,65.97916666666667,1359.0833333333333,34.275,8.791666666666666,106.20833333333333,10.94110107421875,11.734893798828125,13.199264526367188,15.648056030273438,0.0,8.3,0.3999999999999986,13.5
2026-08-27 12:00:00+00:00,36.9,45.0,996.7,0.0,4.1,52.0,40.3,61.7,573.0,2.5,7.0,206.0,11.0,3.0,27.0,8.0,0.0,154.9923553466797,143.35057067871094,142.07066345214844,136.56253051757812,174.03094482421875,165.0,160.0,39.5,40.4,42.4,31.9,59.8,61.0,61.7,47.7,606.0,695.0,1126.0,552.0,2.8,2.8,10.9,2.8,7.2,8.4,10.9,6.6,212.0,220.0,183.0,212.0,147.46472676595053,145.0078099568685,142.03107198079428,150.35499954223633,39.800000000000004,41.06666666666666,54.270833333333336,60.06666666666666,61.900000000000006,66.54166666666667,1358.8333333333333,34.266666666666666,8.8125,105.95833333333333,20.257736206054688,31.899520874023438,33.17942810058594,1.219146728515625,0.7999999999999972,8.399999999999999,1.9000000000000057,14.0
2026-08-27 13:00:00+00:00,35.9,48.0,996.4,0.0,8.2,50.0,41.9,64.7,624.0,7.2,7.2,190.0,12.0,3.0,27.0,8.0,0.0,175.25009155273438,144.05125427246094,142.32455444335938,136.99061584472656,186.6610107421875,178.0,180.0,40.3,39.5,42.8,33.4,61.7,59.4,65.7,50.1,573.0,659.0,874.0,615.0,2.5,3.6,4.8,7.5,7.0,7.6,10.3,6.8,206.0,215.0,211.0,195.0,158.097900390625,150.53771464029947,145.25503540039062,150.40579732259116,39.766666666666666,40.71666666666666,54.62083333333333,60.29999999999999,61.9,67.125,1359.7083333333333,34.25416666666667,8.829166666666667,105.70833333333333,15.394332885742188,46.593170166015625,48.31986999511719,3.9834136962890625,1.6000000000000014,8.5,3.0,14.600000000000001
2026-08-27 14:00:00+00:00,34.5,53.0,996.5,0.0,7.2,32.0,46.9,64.7,828.0,21.3,8.0,154.0,13.0,3.0,27.0,8.0,0.0,190.64442443847656,154.9923553466797,143.25746154785156,138.58395385742188,201.42453002929688,183.0,188.0,41.9,39.5,41.8,40.3,64.7,59.8,63.8,51.6,624.0,606.0,751.0,916.0,7.2,2.8,2.6,21.3,7.2,7.2,9.5,7.5,190.0,212.0,221.0,157.0,173.62895711263022,158.59102630615234,149.72618611653647,150.57177289326987,40.56666666666666,40.56666666666667,54.975,62.06666666666666,61.73333333333333,67.73333333333333,1360.0833333333333,34.24166666666667,8.845833333333333,105.5,2.3948974609375,38.046966552734375,49.7818603515625,-8.385208129882812,5.0,6.600000000000001,0.0,13.100000000000001
2026-08-27 15:00:00+00:00,33.2,63.0,996.6,0.0,5.6,353.0,55.6,72.2,1116.0,40.3,9.2,107.0,14.0,3.0,27.0,8.0,0.0,193.03932189941406,175.25009155273438,143.35057067871094,139.19351196289062,200.00762939453125,176.0,184.0,46.9,40.3,40.4,47.7,64.7,61.7,61.0,58.4,828.0,573.0,695.0,1340.0,21.3,2.5,2.8,39.9,8.0,7.0,8.4,8.5,154.0,206.0,220.0,108.0,186.311279296875,166.88800303141275,154.26413345336914,150.2223892211914,43.03333333333333,41.416666666666664,55.25,63.70000000000001,61.88333333333333,68.27916666666667,1356.4166666666667,34.24166666666667,8.866666666666667,105.375,-1.9528045654296875,15.83642578125,47.73594665527344,-8.921112060546875,8.700000000000003,7.899999999999999,7.5,13.800000000000004
2026-08-27 16:00:00+00:00,32.4,71.0,997.3,0.0,5.6,331.0,63.8,80.8,1345.0,55.4,10.4,70.0,15.0,3.0,27.0,8.0,0.0,191.08651733398438,190.64442443847656,144.05125427246094,141.20230102539062,183.0740203857422,158.0,166.0,55.6,41.9,39.5,54.2,72.2,64.7,59.4,65.0,1116.0,624.0,659.0,1666.0,40.3,7.2,3.6,55.1,9.2,7.2,7.6,9.5,107.0,190.0,215.0,69.0,191.590087890625,174.843994140625,158.58855056762695,149.8506762186686,48.13333333333333,43.949999999999996,55.57916666666666,67.2,63.75,68.85416666666667,1347.0833333333333,34.25833333333333,8.895833333333334,105.33333333333333,-10.169967651367188,-9.727874755859375,36.86529541015625,-2.157470703125,8.199999999999996,9.599999999999994,8.599999999999994,15.799999999999997
2026-08-27 17:00:00+00:00,31.6,74.0,998.0,0.0,6.9,345.0,69.2,86.8,1454.0,63.0,11.8,53.0,16.0,3.0,27.0,8.0,0.0,180.9165496826172,193.03932189941406,154.9923553466797,141.7930908203125,160.7594451904297,128.0,138.0,63.8,46.9,39.5,60.8,80.8,64.7,59.8,72.2,1345.0,828.0,606.0,1797.0,55.4,21.3,2.8,63.9,10.4,8.0,7.2,10.8,70.0,154.0,212.0,49.0,188.34746297200522,180.98821004231772,161.8980712890625,149.76078160603842,55.43333333333333,48.0,55.979166666666664,72.56666666666666,67.31666666666668,69.5125,1333.7083333333333,34.270833333333336,8.933333333333334,105.375,-21.9776611328125,-34.100433349609375,3.946533203125,-1.820556640625,5.400000000000006,8.400000000000006,6.0,14.599999999999994
2026-08-27 18:00:00+00:00,31.1,76.0,998.0,0.0,5.1,354.0,74.5,93.8,1504.0,66.6,13.2,45.0,17.0,3.0,27.0,8.0,0.0,158.9388885498047,191.08651733398438,175.25009155273438,142.07066345214844,135.33523559570312,108.0,121.0,69.2,55.6,40.3,66.8,86.8,72.2,61.7,79.2,1454.0,1116.0,573.0,1828.0,63.0,40.3,2.5,69.1,11.8,9.2,7.0,12.0,53.0,107.0,206.0,38.0,176.98065185546875,181.64596557617188,163.32688776652017,149.6849250793457,62.866666666666674,52.95000000000001,56.32916666666667,79.93333333333334,71.81666666666666,70.12083333333334,1319.4166666666667,34.233333333333334,8.975,105.54166666666667,-12.391448974609375,-44.53907775878906,-28.702651977539062,11.212203979492188,5.299999999999997,7.700000000000003,7.0,14.599999999999994
2026-08-27 19:00:00+00:00,30.6,78.0,998.1,0.0,1.9,338.0,80.1,100.6,1530.0,67.6,13.6,39.0,18.0,3.0,27.0,8.0,0.0,146.5474395751953,180.9165496826172,190.64442443847656,142.32455444335938,126.50747680664062,109.0,120.0,74.5,63.8,41.9,73.8,93.8,80.8,64.7,85.9,1504.0,1345.0,624.0,1826.0,66.6,55.4,7.2,71.1,13.2,10.4,7.2,12.4,45.0,70.0,190.0,30.0,162.13429260253906,176.86219024658203,163.69995244344076,150.15210024515787,69.16666666666667,58.65,56.65,87.13333333333333,77.16666666666667,70.72916666666667,1305.9166666666667,34.12916666666667,9.025,105.83333333333333,-1.1239471435546875,-35.49305725097656,-45.22093200683594,18.916015625,5.599999999999994,6.299999999999997,6.799999999999997,14.699999999999989
2026-08-27 20:00:00+00:00,30.4,77.0,998.2,0.0,0.7,346.0,82.7,99.0,1534.0,65.9,12.2,30.0,19.0,3.0,27.0,8.0,0.0,145.42349243164062,158.9388885498047,193.03932189941406,143.25746154785156,131.58042907714844,109.0,119.0,80.1,69.2,46.9,76.1,100.6,86.8,64.7,84.8,1530.0,1454.0,828.0,1788.0,67.6,63.0,21.3,68.6,13.6,11.8,8.0,11.0,39.0,53.0,154.0,22.0,150.30327351888022,169.32536824544272,163.95819727579752,150.9402675628662,74.60000000000001,65.01666666666667,56.9125,93.73333333333333,83.14999999999999,71.34166666666667,1293.5833333333333,33.983333333333334,9.075000000000001,106.20833333333333,3.3838043212890625,-10.131591796875,-44.232025146484375,17.22686767578125,2.6000000000000085,6.6000000000000085,-1.5999999999999943,14.200000000000003
2026-08-27 21:00:00+00:00,29.9,79.0,998.1,0.0,1.3,352.0,79.9,88.7,1516.0,61.6,9.7,23.0,20.0,3.0,27.0,8.0,0.0,148.8072967529297,146.5474395751953,191.08651733398438,143.35057067871094,134.152587890625,110.0,118.0,82.7,74.5,55.6,74.7,99.0,93.8,72.2,80.3,1534.0,1504.0,1116.0,1715.0,65.9,66.6,40.3,62.7,12.2,13.2,9.2,8.7,30.0,45.0,107.0,17.0,146.92607625325522,161.95336405436197,164.42068354288736,151.65805371602377,79.10000000000001,70.98333333333333,57.1875,97.8,88.86666666666666,71.93333333333334,1283.0,33.87083333333333,9.125,106.54166666666667,0.9440765380859375,3.2039337158203125,-41.33514404296875,15.598785400390625,-2.799999999999997,5.200000000000003,-10.299999999999997,8.400000000000006
2026-08-27 22:00:00+00:00,29.3,82.0,998.0,0.0,1.8,24.0,75.7,82.7,1507.0,56.9,7.8,18.0,21.0,3.0,27.0,8.0,0.0,149.75137329101562,145.42349243164062,180.9165496826172,144.05125427246094,135.21710205078125,112.0,116.0,79.9,80.1,63.8,72.4,88.7,100.6,80.8,77.3,1516.0,1530.0,1345.0,1678.0,61.6,67.6,55.4,57.3,9.7,13.6,10.4,6.9,23.0,39.0,70.0,13.0,147.99405415852866,155.06417338053384,164.95408376057944,152.3080031077067,80.9,75.03333333333335,57.40416666666667,96.09999999999998,91.61666666666667,72.28333333333335,1274.7083333333333,33.824999999999996,9.166666666666666,106.79166666666667,0.3895416259765625,4.7174224853515625,-30.775634765625,14.923812866210938,-4.200000000000003,3.299999999999997,-6.0,5.400000000000006
2026-08-27 23:00:00+00:00,28.8,86.0,998.2,0.0,0.6,18.0,70.5,78.0,1536.0,52.5,6.8,13.0,22.0,3.0,27.0,8.0,0.0,150.1409149169922,148.8072967529297,158.9388885498047,154.9923553466797,135.39671325683594,113.0,115.0,75.7,82.7,69.2,69.6,82.7,99.0,86.8,74.3,1507.0,1534.0,1454.0,1725.0,56.9,65.9,63.0,54.0,7.8,12.2,11.8,6.0,18.0,30.0,53.0,7.0,149.5665283203125,149.93490091959634,165.46155548095703,152.92982864379883,79.43333333333334,77.01666666666667,57.541666666666664,90.13333333333334,91.93333333333334,72.50833333333334,1267.5833333333333,33.80833333333333,9.204166666666667,107.0,-0.1076812744140625,1.2259368896484375,-8.905654907226562,14.636520385742188,-5.200000000000003,0.9000000000000057,-4.700000000000003,3.700000000000003
2026-08-28 00:00:00+00:00,28.4,88.0,998.5,0.0,0.4,333.0,67.5,74.3,1575.0,47.8,6.4,11.0,23.0,3.0,27.0,8.0,0.0,150.03323364257812,149.75137329101562,146.5474395751953,175.25009155273438,136.56253051757812,114.0,114.0,70.5,79.9,74.5,66.6,78.0,88.7,93.8,71.5,1536.0,1516.0,1504.0,1808.0,52.5,61.6,66.6,51.2,6.8,9.7,13.2,5.6,13.0,23.0,45.0,3.0,149.9751739501953,148.45062510172525,165.04829533894858,153.53968365987143,75.36666666666667,77.23333333333333,57.57916666666666,83.13333333333334,90.46666666666668,72.66250000000001,1259.7083333333333,33.74583333333334,9.237499999999999,107.25,0.546234130859375,0.828094482421875,4.0320281982421875,14.016937255859375,-3.0,0.9000000000000057,-3.700000000000003,2.799999999999997
2026-08-28 01:00:00+00:00,28.1,89.0,998.8,0.0,0.4,360.0,65.9,72.6,1573.0,42.7,6.6,18.0,0.0,4.0,28.0,8.0,0.0,150.5794677734375,150.1409149169922,145.42349243164062,190.64442443847656,136.99061584472656,114.70665740966797,113.0,67.5,75.7,80.1,64.5,74.3,82.7,100.6,69.8,1575.0,1507.0,1530.0,1853.0,47.8,56.9,67.6,47.3,6.4,7.8,13.6,5.9,11.0,18.0,39.0,10.0,150.25120544433594,149.12262980143228,162.99241002400717,154.12372271219888,71.23333333333333,76.06666666666666,57.61666666666667,78.33333333333333,87.21666666666665,72.77916666666665,1250.0,33.604166666666664,9.270833333333334,107.58333333333333,0.372955322265625,0.8115081787109375,5.5289306640625,13.961807250976562,-1.5999999999999943,1.4000000000000057,-1.7000000000000028,2.799999999999997
2026-08-28 02:00:00+00:00,27.6,92.0,999.4,0.0,1.0,45.0,65.7,72.9,1505.0,37.3,8.0,41.0,1.0,4.0,28.0,8.0,0.0,150.95242309570312,150.03323364257812,148.8072967529297,193.03932189941406,138.58395385742188,115.45127868652344,113.0,65.9,70.5,82.7,64.3,72.6,78.0,99.0,69.4,1573.0,1536.0,1534.0,1849.0,42.7,52.5,65.9,41.5,6.6,6.8,12.2,7.4,18.0,13.0,30.0,34.0,150.5217081705729,150.04411824544272,159.68474324544272,154.7054646809896,67.96666666666668,73.7,57.675000000000004,74.96666666666667,82.55,72.89583333333333,1238.3333333333333,33.4125,9.3,107.91666666666667,0.00494384765625,0.92413330078125,2.1500701904296875,12.3734130859375,-0.20000000000000284,1.4000000000000057,0.30000000000001137,3.5
2026-08-28 03:00:00+00:00,28.4,88.0,1000.1,0.0,0.8,63.0,67.5,75.0,1396.0,31.5,10.0,74.0,2.0,4.0,28.0,8.0,0.0,150.95736694335938,150.5794677734375,149.75137329101562,191.08651733398438,139.19351196289062,115.4310302734375,113.0,65.7,67.5,79.9,64.3,72.9,74.3,88.7,69.2,1505.0,1575.0,1516.0,1807.0,37.3,47.8,61.6,34.7,8.0,6.4,9.7,9.6,41.0,11.0,23.0,69.0,150.82975260416666,150.402463277181,156.17791366577148,155.2210235595703,66.36666666666667,70.86666666666667,57.73333333333334,73.26666666666667,78.2,73.04166666666667,1224.0,33.237500000000004,9.325000000000001,108.20833333333333,0.091278076171875,0.46917724609375,1.297271728515625,11.855133056640625,1.7999999999999972,3.200000000000003,2.0999999999999943,5.799999999999997
2026-08-28 04:00:00+00:00,30.2,78.0,1000.5,0.0,0.6,34.0,57.4,71.9,1274.0,25.4,11.5,108.0,3.0,4.0,28.0,8.0,0.0,151.04864501953125,150.95242309570312,150.1409149169922,180.9165496826172,141.20230102539062,115.66108703613281,113.0,67.5,65.9,75.7,51.2,75.0,72.6,82.7,61.2,1396.0,1573.0,1507.0,1692.0,31.5,42.7,56.9,27.5,10.0,6.6,7.8,11.1,74.0,18.0,18.0,105.0,150.98614501953125,150.6186752319336,152.84142430623373,155.71498743693033,66.36666666666667,68.8,57.866666666666674,73.5,75.91666666666667,73.28333333333333,1206.875,33.104166666666664,9.341666666666667,108.41666666666667,0.4651947021484375,0.5614166259765625,1.3729248046875,10.311538696289062,-10.100000000000001,6.199999999999996,-3.0999999999999943,10.700000000000003
2026-08-28 05:00:00+00:00,31.9,65.0,1000.7,0.0,2.9,11.0,53.6,73.6,1138.0,18.1,12.0,146.0,4.0,4.0,28.0,8.0,0.0,151.5138397216797,150.95736694335938,150.03323364257812,158.9388885498047,141.7930908203125,116.39917755126953,112.0,57.4,65.7,70.5,43.5,71.9,72.9,78.0,57.7,1274.0,1505.0,1536.0,1446.0,25.4,37.3,52.5,19.4,11.5,8.0,6.8,11.3,108.0,41.0,13.0,143.0,151.17328389485678,150.84749603271484,150.3911984761556,156.14463488260904,63.53333333333334,65.75,58.125,73.26666666666667,74.11666666666667,73.72916666666667,1189.4583333333333,33.016666666666666,9.358333333333333,108.54166666666667,0.3389434814453125,0.895416259765625,1.819549560546875,10.0596923828125,-3.799999999999997,10.100000000000001,1.6999999999999886,15.899999999999991
2026-08-28 06:00:00+00:00,33.2,61.0,1000.9,0.0,2.8,27.0,54.0,78.9,988.0,10.4,12.1,185.0,5.0,4.0,28.0,8.0,0.0,151.852783203125,151.04864501953125,150.5794677734375,146.5474395751953,142.07066345214844,116.83238983154297,112.0,53.6,67.5,67.5,42.4,73.6,75.0,74.3,61.7,1138.0,1396.0,1575.0,1126.0,18.1,31.5,47.8,10.9,12.0,10.0,6.4,10.9,146.0,74.0,11.0,183.0,151.4717559814453,151.150754292806,149.80068969726562,156.5637887318929,59.5,62.93333333333334,58.54583333333334,73.5,73.38333333333334,74.39166666666667,1176.625,32.9625,9.387500000000001,108.66666666666667,0.249237060546875,1.053375244140625,1.522552490234375,10.031356811523438,0.3999999999999986,11.600000000000001,5.300000000000011,17.200000000000003
2026-08-28 07:00:00+00:00,34.7,56.0,1000.4,0.0,2.1,38.0,54.7,84.5,857.0,4.9,11.7,213.0,6.0,4.0,28.0,8.0,0.0,152.10202026367188,151.5138397216797,150.95242309570312,145.42349243164062,142.32455444335938,117.60598754882812,111.0,54.0,57.4,65.9,42.8,78.9,71.9,72.6,65.7,988.0,1274.0,1573.0,874.0,10.4,25.4,42.7,4.8,12.1,11.5,6.6,10.3,185.0,108.0,18.0,211.0,151.82288106282553,151.40451304117838,150.26357142130533,156.98176193237305,55.0,60.68333333333334,59.02916666666667,74.8,74.14999999999999,75.10833333333333,1170.875,32.94166666666667,9.4375,108.75,0.13623046875,0.7244110107421875,1.28582763671875,9.9136962890625,0.7000000000000028,11.900000000000006,5.599999999999994,18.799999999999997
2026-08-28 08:00:00+00:00,35.9,50.0,999.4,0.0,1.1,90.0,55.8,87.5,754.0,2.8,10.8,222.0,7.0,4.0,28.0,8.0,0.0,152.23825073242188,151.852783203125,150.95736694335938,148.8072967529297,143.25746154785156,118.48682403564453,111.0,54.7,53.6,65.7,41.8,84.5,73.6,72.9,63.8,857.0,1138.0,1505.0,751.0,4.9,18.1,37.3,2.6,11.7,12.0,8.0,9.5,213.0,146.0,41.0,221.0,152.0643513997396,151.6188176472982,150.83146794637045,157.39483261108398,54.1,58.81666666666667,59.525,79.0,76.13333333333333,75.89166666666667,1170.1666666666667,32.94583333333333,9.495833333333332,108.83333333333333,0.154937744140625,0.5404052734375,1.435821533203125,9.135726928710938,1.0999999999999943,14.0,3.0,23.700000000000003
2026-08-28 09:00:00+00:00,36.9,45.0,998.4,0.0,1.5,166.0,51.7,80.8,670.0,2.7,9.5,218.0,8.0,4.0,28.0,8.0,0.0,152.3931884765625,152.10202026367188,151.04864501953125,149.75137329101562,143.35057067871094,119.0684814453125,110.0,55.8,54.0,67.5,40.4,87.5,78.9,75.0,61.0,754.0,988.0,1396.0,695.0,2.8,10.4,31.5,2.8,10.8,12.1,10.0,8.4,222.0,185.0,74.0,220.0,152.2444864908854,151.85812123616537,151.1302922566732,157.77548789978027,54.833333333333336,57.166666666666664,60.10833333333334,83.63333333333334,78.56666666666666,76.87916666666666,1170.2916666666667,32.95416666666667,9.549999999999999,108.875,-0.07684326171875,0.214324951171875,1.2677001953125,8.965774536132812,-4.099999999999994,11.300000000000004,-6.700000000000003,19.799999999999997
2026-08-28 10:00:00+00:00,37.7,41.0,997.6,0.0,1.3,106.0,50.2,78.5,606.0,3.4,8.5,211.0,9.0,4.0,28.0,8.0,0.0,152.31634521484375,152.23825073242188,151.5138397216797,150.1409149169922,144.05125427246094,122.73688507080078,109.0,51.7,54.7,57.4,39.5,80.8,84.5,71.9,59.4,670.0,857.0,1274.0,659.0,2.7,4.9,25.4,3.6,9.5,11.7,11.5,7.6,218.0,213.0,108.0,215.0,152.31592814127603,152.06940460205078,151.3440399169922,158.1490618387858,54.06666666666667,54.53333333333334,60.57916666666666,84.26666666666667,79.53333333333333,77.70416666666667,1169.25,32.949999999999996,9.595833333333333,108.79166666666667,-0.087158203125,-0.009063720703125,0.7153472900390625,8.177932739257812,-1.5,10.700000000000003,-2.299999999999997,19.1
2026-08-28 11:00:00+00:00,37.9,41.0,996.8,0.0,4.0,63.0,50.2,78.9,552.0,3.6,7.9,203.0,10.0,4.0,28.0,8.0,0.0,152.22918701171875,152.3931884765625,151.852783203125,150.03323364257812,154.9923553466797,139.34429931640625,142.0,50.2,55.8,53.6,39.5,78.5,87.5,73.6,59.8,606.0,754.0,1138.0,606.0,3.4,2.8,18.1,2.8,8.5,10.8,12.0,7.2,211.0,222.0,146.0,212.0,152.31290690104166,152.18862915039062,151.51806259155273,158.48980903625488,52.56666666666667,53.333333333333336,61.025,82.26666666666667,80.63333333333333,78.5,1167.0416666666667,32.94166666666667,9.633333333333333,108.625,8.591629028320312,8.427627563476562,8.968032836914062,5.828460693359375,0.0,10.700000000000003,0.4000000000000057,19.10000000000001
2026-08-28 12:00:00+00:00,37.4,44.0,996.4,0.0,6.6,57.0,50.1,79.2,517.0,4.5,7.5,190.0,11.0,4.0,28.0,8.0,0.0,160.82081604003906,152.31634521484375,152.10202026367188,150.5794677734375,175.25009155273438,174.03094482421875,165.0,50.2,51.7,54.0,40.3,78.9,80.8,78.9,61.7,552.0,670.0,988.0,573.0,3.6,2.7,10.4,2.5,7.9,9.5,12.1,7.0,203.0,218.0,185.0,206.0,155.1221160888672,153.6833012898763,152.41702779134116,158.73266156514487,50.70000000000001,52.76666666666667,61.47083333333333,79.39999999999999,81.51666666666667,79.29583333333333,1164.7916666666667,32.975,9.6625,108.25,22.366241455078125,30.870712280273438,31.085037231445312,7.9369659423828125,-0.10000000000000142,9.800000000000004,0.29999999999999716,17.5
2026-08-28 13:00:00+00:00,36.5,49.0,996.3,0.0,9.9,45.0,50.6,77.5,532.0,8.3,7.5,172.0,12.0,4.0,28.0,8.0,0.0,183.1870574951172,152.22918701171875,152.23825073242188,150.95242309570312,190.64442443847656,186.6610107421875,178.0,50.1,50.2,54.7,41.9,79.2,78.5,84.5,64.7,517.0,606.0,857.0,624.0,4.5,3.4,4.9,7.2,7.5,8.5,11.7,7.2,190.0,211.0,213.0,190.0,165.412353515625,158.86414082845053,155.13432693481445,159.0633684794108,50.16666666666668,52.116666666666674,61.87916666666666,78.86666666666666,81.56666666666668,80.02499999999999,1162.4583333333333,33.05833333333333,9.683333333333332,107.58333333333333,8.441192626953125,39.39906311035156,39.38999938964844,0.98382568359375,0.5,8.700000000000003,-1.7000000000000028,12.799999999999997
2026-08-28 14:00:00+00:00,35.1,55.0,996.4,0.0,11.5,29.0,52.0,73.6,635.0,17.3,8.0,143.0,13.0,4.0,28.0,8.0,0.0,191.6282501220703,160.82081604003906,152.3931884765625,150.95736694335938,193.03932189941406,201.42453002929688,183.0,50.6,50.2,55.8,46.9,77.5,78.9,87.5,64.7,532.0,552.0,754.0,828.0,8.3,3.6,2.8,21.3,7.5,7.9,10.8,8.0,172.0,203.0,222.0,154.0,178.54537455240884,165.42914072672525,158.52397918701172,159.1043612162272,50.30000000000001,51.43333333333334,62.24166666666667,78.53333333333335,80.39999999999999,80.55833333333334,1158.625,33.104166666666664,9.695833333333333,106.83333333333333,-0.3258819580078125,30.481552124023438,38.9091796875,-1.7369537353515625,1.3999999999999986,5.100000000000001,-3.9000000000000057,8.899999999999991
2026-08-28 15:00:00+00:00,33.5,64.0,996.5,0.0,9.3,22.0,56.1,73.3,788.0,29.2,8.7,108.0,14.0,4.0,28.0,8.0,0.0,191.3023681640625,183.1870574951172,152.31634521484375,151.04864501953125,191.08651733398438,200.00762939453125,176.0,52.0,50.1,51.7,55.6,73.6,79.2,80.8,72.2,635.0,517.0,670.0,1116.0,17.3,4.5,2.7,40.3,8.0,7.5,9.5,9.2,143.0,190.0,218.0,107.0,188.70589192708334,171.91400400797525,161.8860626220703,159.0319881439209,50.900000000000006,50.800000000000004,62.45416666666667,76.76666666666667,78.08333333333333,80.92916666666666,1150.5833333333333,32.9375,9.695833333333333,106.375,-1.8211212158203125,6.294189453125,37.16490173339844,-1.6052703857421875,4.100000000000001,0.5,-0.29999999999999716,1.0999999999999943
2026-08-28 16:00:00+00:00,32.6,67.0,997.5,0.0,6.4,352.0,60.8,78.0,907.0,39.5,9.6,79.0,15.0,4.0,28.0,8.0,0.0,189.4812469482422,191.6282501220703,152.22918701171875,151.5138397216797,180.9165496826172,183.0740203857422,158.0,56.1,50.6,50.2,63.8,73.3,77.5,78.5,80.8,788.0,532.0,606.0,1345.0,29.2,8.3,3.4,55.4,8.7,7.5,8.5,10.4,108.0,172.0,211.0,70.0,190.803955078125,178.108154296875,165.0887794494629,158.9651018778483,52.900000000000006,51.53333333333333,62.475,74.8,76.83333333333333,80.975,1136.9166666666667,32.475,9.674999999999999,106.41666666666667,-18.788772583007812,-20.935775756835938,18.463287353515625,-10.224075317382812,4.699999999999996,-3.0,4.700000000000003,-2.799999999999997
2026-08-28 17:00:00+00:00,31.9,69.0,998.4,0.0,6.2,338.0,67.8,85.7,956.0,46.6,10.6,62.0,16.0,4.0,28.0,8.0,0.0,170.69247436523438,191.3023681640625,160.82081604003906,151.852783203125,158.9388885498047,160.7594451904297,128.0,60.8,52.0,50.2,69.2,78.0,73.6,78.9,86.8,907.0,635.0,552.0,1454.0,39.5,17.3,3.6,63.0,9.6,8.0,7.9,11.8,79.0,143.0,203.0,53.0,183.8253631591797,181.18536885579428,166.68699900309244,158.53909873962402,56.300000000000004,53.300000000000004,62.35,74.96666666666665,76.75,80.85833333333333,1118.6666666666667,31.8125,9.641666666666666,106.79166666666667,-13.79302978515625,-34.402923583984375,-3.9213714599609375,-2.0394439697265625,7.0,-1.4000000000000057,7.700000000000003,-1.0999999999999943
2026-08-28 18:00:00+00:00,31.4,71.0,998.8,0.0,4.4,328.0,72.6,89.9,969.0,52.2,11.6,52.0,17.0,4.0,28.0,8.0,0.0,156.89944458007812,189.4812469482422,183.1870574951172,152.10202026367188,146.5474395751953,135.33523559570312,108.0,67.8,56.1,50.1,74.5,85.7,73.3,79.2,93.8,956.0,788.0,517.0,1504.0,46.6,29.2,4.5,66.6,10.6,8.7,7.5,13.2,62.0,108.0,190.0,45.0,172.35772196451822,180.53180694580078,167.10755411783853,158.4541219075521,61.56666666666667,56.23333333333334,62.291666666666664,79.0,77.88333333333333,80.8125,1097.9166666666667,31.129166666666666,9.591666666666667,107.16666666666667,-6.2147674560546875,-38.79656982421875,-32.50238037109375,4.137237548828125,4.799999999999997,-1.9000000000000057,4.200000000000003,-3.8999999999999915
2026-08-28 19:00:00+00:00,30.9,72.0,999.0,0.0,4.8,301.0,75.9,93.6,970.0,56.1,12.2,43.0,18.0,4.0,28.0,8.0,0.0,150.68467712402344,170.69247436523438,191.6282501220703,152.23825073242188,145.42349243164062,126.50747680664062,109.0,72.6,60.8,50.6,80.1,89.9,78.0,77.5,100.6,969.0,907.0,532.0,1530.0,52.2,39.5,8.3,67.6,11.6,9.6,7.5,13.6,52.0,79.0,172.0,39.0,159.42553202311197,175.1147435506185,166.98944218953451,158.62650680541992,67.06666666666668,59.98333333333333,62.212500000000006,84.53333333333333,79.66666666666667,80.64999999999999,1075.625,30.52916666666667,9.525,107.45833333333333,1.324951171875,-18.682846069335938,-39.618621826171875,6.5861358642578125,3.3000000000000114,-4.199999999999989,3.6999999999999886,-7.0
2026-08-28 20:00:00+00:00,30.3,74.0,999.1,0.0,4.6,301.0,78.7,97.6,960.0,58.4,12.1,35.0,19.0,4.0,28.0,8.0,0.0,152.00962829589844,156.89944458007812,191.3023681640625,152.3931884765625,148.8072967529297,131.58042907714844,109.0,75.9,67.8,52.0,82.7,93.6,85.7,73.6,99.0,970.0,956.0,635.0,1534.0,56.1,46.6,17.3,65.9,12.2,10.6,8.0,12.2,43.0,62.0,143.0,30.0,153.19791666666666,168.5116399129232,166.97039031982422,158.90092913309732,72.10000000000001,64.2,62.0375,89.73333333333335,82.35000000000001,80.35833333333333,1052.2916666666667,30.05,9.466666666666667,107.625,1.2961273193359375,-3.59368896484375,-37.996612548828125,4.4984588623046875,2.799999999999997,-4.0,4.0,-1.4000000000000057
2026-08-28 21:00:00+00:00,29.8,75.0,999.1,0.0,4.2,310.0,80.8,99.4,937.0,59.1,11.6,29.0,20.0,4.0,28.0,8.0,0.0,153.30575561523438,150.68467712402344,189.4812469482422,152.31634521484375,149.75137329101562,134.152587890625,110.0,78.7,72.6,56.1,79.9,97.6,89.9,73.3,88.7,960.0,969.0,788.0,1516.0,58.4,52.2,29.2,61.6,12.1,11.6,8.7,9.7,35.0,52.0,108.0,23.0,152.0000203450521,162.17887115478516,167.04643758138022,159.0883649190267,75.73333333333335,68.64999999999999,61.87083333333333,93.7,86.34999999999998,80.3,1028.375,29.737499999999997,9.4625,107.83333333333333,-0.1493988037109375,2.4716796875,-36.32489013671875,3.4049835205078125,2.0999999999999943,0.8999999999999915,1.8000000000000114,10.700000000000003
2026-08-28 22:00:00+00:00,29.4,77.0,999.2,0.0,4.3,318.0,81.7,97.8,913.0,58.3,10.9,24.0,21.0,4.0,28.0,8.0,0.0,153.15635681152344,152.00962829589844,170.69247436523438,152.22918701171875,150.1409149169922,135.21710205078125,112.0,80.8,75.9,60.8,75.7,99.4,93.6,78.0,82.7,937.0,970.0,907.0,1507.0,59.1,56.1,39.5,56.9,11.6,12.2,9.6,7.8,29.0,43.0,79.0,18.0,152.82391357421875,156.12472279866537,167.11643854777017,159.2302392323812,78.46666666666668,72.76666666666667,61.90833333333334,96.86666666666667,90.7,80.74583333333334,1004.25,29.633333333333336,9.541666666666666,108.08333333333333,0.708099365234375,1.854827880859375,-16.828018188476562,3.723541259765625,0.9000000000000057,6.0,-1.6000000000000085,15.099999999999994
2026-08-28 23:00:00+00:00,29.0,78.0,999.4,0.0,5.5,322.0,82.2,93.8,886.0,55.9,9.5,18.0,22.0,4.0,28.0,8.0,0.0,153.8644561767578,153.30575561523438,156.89944458007812,160.82081604003906,150.03323364257812,135.39671325683594,113.0,81.7,78.7,67.8,70.5,97.8,97.6,85.7,78.0,913.0,960.0,956.0,1536.0,58.3,58.4,46.6,52.5,10.9,12.1,10.6,6.8,24.0,35.0,62.0,13.0,153.44218953450522,153.32005310058594,167.2527109781901,159.38538678487143,80.40000000000002,76.25,62.15833333333334,98.26666666666667,94.0,81.375,979.5,29.691666666666666,9.670833333333333,108.33333333333333,0.7494049072265625,1.30810546875,-2.28558349609375,4.58062744140625,0.5,11.700000000000003,-4.0,15.799999999999997
